僐乕僪,柤徧
620000435,價丒僔僼儘乕儖忶侽丏侾俀俆倣倗
620000436,價丒僔僼儘乕儖忶侽丏俆倣倗
620008662,僪僷僝乕儖忶俀侽侽倣倗
620008660,僪僷僗僩儞僇僾僙儖俀俆侽倣倗
620008661,僪僷僗僩儞嶶俋俉丏俆亾
620008889,僪僷僗僩儞惷拲俀俆倣倗丂侽丏俀俆亾侾侽倣俴
620008890,僪僷僗僩儞惷拲俆侽倣倗丂侽丏俀俆亾俀侽倣俴
620123901,僱僆僪僷僗僩儞攝崌忶俴侾侽侽
620124501,僱僆僪僷僗僩儞攝崌忶俴俀俆侽
620123601,僀乕僔乕丒僪僷乕儖攝崌忶
620123701,僱僆僪僷僝乕儖攝崌忶
620123801,儅僪僷乕攝崌忶
620005364,僄僼僺乕俷俢忶俀丏俆丂俀丏俆倣倗
622624401,傾僕儗僋僩忶侾倣倗
622624501,傾僕儗僋僩忶侽丏俆倣倗
620004853,僐儉僞儞忶侾侽侽倣倗
622069601,儈儔儁僢僋僗俴俙忶侽丏俁俈俆倣倗
622069701,儈儔儁僢僋僗俴俙忶侾丏俆倣倗
620004415,儗僉僢僾忶侽丏俀俆倣倗
620004416,儗僉僢僾忶侾倣倗
620004417,儗僉僢僾忶俀倣倗
622183601,儗僉僢僾俠俼忶俀倣倗
622183701,儗僉僢僾俠俼忶俉倣倗
622163501,僯儏乕僾儘僷僢僠俀丏俀俆倣倗
622163601,僯儏乕僾儘僷僢僠係丏俆倣倗
622163701,僯儏乕僾儘僷僢僠俋倣倗
622163801,僯儏乕僾儘僷僢僠侾俁丏俆倣倗
622478301,僯儏乕僾儘僷僢僠侾俉倣倗
610432023,僇僶僒乕儖忶侽丏俀俆倣倗
610432024,僇僶僒乕儖忶侾丏侽倣倗丂侾倣倗
610406392,儁儖儅僢僋僗忶俆侽兪倗
610406393,儁儖儅僢僋僗忶俀俆侽兪倗
622245801,僲僂儕傾僗僩忶俀侽倣倗
620124301,僷乕僉僗僩儞攝崌忶俴侾侽侽
622051301,僷乕僉僗僩儞攝崌忶俴俀俆侽
