搊榐僉乕儚乕僪,摑崌僉乕儚乕僪
45亅4.8儘僥僉儏儗乕僞乕僇乕僩儕僢僕,儘僥僉儏儗乕僞乕
30亅2.5儘僥僉儏儗乕僞乕僇乕僩儕僢僕,儘僥僉儏儗乕僞乕
30亅3.5儘僥僉儏儗乕僞乕僇乕僩儕僢僕,儘僥僉儏儗乕僞乕
45亅2.5儘僥僉儏儗乕僞乕僇乕僩儕僢僕,儘僥僉儏儗乕僞乕
45亅3.5儘僥僉儏儗乕僞乕僇乕僩儕僢僕,儘僥僉儏儗乕僞乕
60亅2.5儘僥僉儏儗乕僞乕僇乕僩儕僢僕,儘僥僉儏儗乕僞乕
60亅3.5儘僥僉儏儗乕僞乕僇乕僩儕僢僕,儘僥僉儏儗乕僞乕
30亅4.8儘僥僉儏儗乕僞乕僇乕僩儕僢僕,儘僥僉儏儗乕僞乕
60亅4.8儘僥僉儏儗乕僞乕僇乕僩儕僢僕,儘僥僉儏儗乕僞乕
儘僥僉儏儗乕僞乕僇乕僩儕僢僕,儘僥僉儏儗乕僞乕
儘僥僉儏儗乕僞乕,儘僥僉儏儗乕僞乕
儘僥傿僉儏儗乕僞乕,儘僥僉儏儗乕僞乕
儕僯傾僇僢僞乕,儕僯傾僇僢僞乕
倕値倓倧倗倝倎倫倳倰倫倢倕,僄儞僪俧俬俙
倕値倓倧 倗倝倎 倫倳倰倫倢倕,僄儞僪俧俬俙
倕値倓倧丂倗倝倎丂倫倳倰倫倢倕,僄儞僪俧俬俙
倕値倓倧倗倝倎們倎倣倕倢,僄儞僪俧俬俙
倕値倓倧 倗倝倎 們倎倣倕倢,僄儞僪俧俬俙
倕値倓倧丂倗倝倎丂們倎倣倕倢,僄儞僪俧俬俙
倕値倓倧倗倝倎,僄儞僪俧俬俙
倕値倓倧 倗倝倎,僄儞僪俧俬俙
倕値倓倧丂倗倝倎,僄儞僪俧俬俙
僄儞僪倗倝倎,僄儞僪俧俬俙
倓倧倳倐倢倕-倱倲倎倫倢倝値倗,倓倱倲
倓倧倳倐倢倕 倱倲倎倫倢倝値倗,倓倱倲
倓倱倲,倓倱倲
倱倝倗値倝倎 們倎倣倕倢,僄儞僪俧俬俙
僔僌僯傾們倎倣倕倢,僄儞僪俧俬俙
倱倝倗値倝倎 倲倰倝-倱倲倎倫倢倕 們倎倣倕倢,僄儞僪俧俬俙
們倎倣倕倢,僄儞僪俧俬俙
倱倝倗値倝倎 倫倳倰倫倢倕,僄儞僪俧俬俙
倫倳倰倫倢倕,僄儞僪俧俬俙
倖倕倕倎,倖倕倕倎
倖倳値們倲倝倧値倎倢 倕値倓 倲倧 倕値倓 倎値倎倱倲倧倣倧倱倝倱,倖倕倕倎
倖倳値們倲倝倧値倎倢 倕値倓 倲倧 倕値倓,倖倕倕倎
倖倳値們倲倝倧値倎倢 倕値倓-倲倧-倕値倓 倎値倎倱倲倧倣倧倱倝倱,倖倕倕倎
倕們倛倕倢倧値,ECHELON