ѓRЃ[ѓh,–јЏМ
8000002,‘O“ЄЌњЌњђЬ
8000007,“Є’ёЌњЌњђЬ
8010002,Њг“ЄЌњЌњђЬ
8010004,Ћ‹ђ_ЊoЉЗЌњђЬ
8010007,‘¤“ЄЌњЌњђЬ
8010010,“ЄЉW’кЌњђЬ
8020003,•@ЌњЌњђЬ
8020004,•@Ќњ’В‹Њђ«ЌњђЬ
8020006,•@•›•@ЌoЌњђЬ
8022002,‰єЉ{ЌњЌњђЬ
8022008,Ћб–ШЌњђЬ
8022012,Љ{Љз–КЌњђЬ
8024001,ЏгЉ{ЌњЌњђЬ
8024005,–jЌњ‹|ЌњђЬ
8024006,–jЌњЌњђЬ
8026003,Љбв|’кЌњђЬ
8028006,Љз–КЌњЌњђЬ
8028009,Ћ•‘…ЌњЌњђЬ
8028010,Ћ•‘…“Л‹NЌњђЬ
8029001,‰ЎЌњђЬ
8029004,ЏcЌњђЬ
8029005,Џd•ЎЌњђЬ
8029007,”j—фЌњђЬ
8030001,Љg‘еђ«“ЄЉWЌњђЬ
8050001,ЉВ’ЕЌњђЬ
8050005,Њz’ЕЌњђЬ
8050016,ЉВ’Е”j—фЌњђЬ
8050019,ѓnѓ“ѓOѓ}ѓ“ЌњђЬ
8050021,ѓ`ѓѓѓ“ѓXЌњђЬ
8050022,ѓVЃ[ѓgѓxѓ‹ѓgЌњђЬ
8050023,ЋІ’ЕЌњђЬ
8052003,‹№’ЕЌњђЬ
8054003,Ќ’Е€і”—ЌњђЬ
8054007,Ќ’Е’E‰PЌњђЬ
8054016,Ќ’ЕЌњђЬ
8056002,”цЌњЌњђЬ
8058002,ђТ’Е€і”—ЌњђЬ
8058003,ђТ’ЕЌњђЬ
8058005,’Е‹|ЌњђЬ
8058006,’Е‘М€і”—ЌњђЬ
8058007,’Е‘МЌњђЬ
8058008,’Е‘М’E‰PЌњђЬ
8058011,ђТ’ЕЊг•ыЌњђЬ
8058012,’В‹Њђ«’Е‘М€і”—ЌњђЬ
8064002,Ќ’Е‘№Џќ
8067003,ђеЌњ‹T—фЌњђЬ
8070005,]Ќњ‹T—фЌњђЬ
8070006,]ЌњЌњђЬ
8070007,]Ќњ‘Ѕ”­ЌњђЬ
8070009,]Ќњ”жJЌњђЬ
8070010,]Ќњ•s‘SЌњђЬ
8070011,]“оЌњЌњђЬ
8070012,]ЌњЉJ•ъЌњђЬ
8072002,‹№ЌњЌњђЬ
8076003,‹CЉЗ’f—ф
8076004,‹CЉЗ—фЏќ
8088001,Ќњ”ХЌњђЬ
8100003,ЌЅЌњЌњђЬ
8110001,ЊЁЉЦђЯ’E‰PЌњђЬ
8110003,ЊЁЌbЌњЊЁ•фЌњђЬ
8110004,ЊЁЌbЌњЌњђЬ
8120003,ЏгrЌњЉO‰ИЊzЌњђЬ
8120005,ЏгrЌњЌњђЬ
8120006,ЏгrЌњЌњ“ЄЌњђЬ
8122002,ЏгrЌњЊz•”ЌњђЬ
8124003,ЏгrЌњЉOичЌњђЬ
8124004,ЏгrЌњ“аЏгичЌњђЬ
8124005,ЏгrЌњ“аичЌњђЬ
8124006,ЏгrЌњичЏгЌњђЬ
8124007,ЏгrЌњич•”ЌњђЬ
8124009,ЏгrЌњЉOЏгичЌњђЬ
8124012,•IЉЦђЯЌњђЬ
8124013,•IЉЦђЯ’E‰PЌњђЬ
8124015,•I“ЄЌњђЬ
8130005,ЋЪЌњЌњђЬ
8130016,ћфЌњЌњђЬ
8132001,ЋЪЌњЌњЉІ•”ЌњђЬ
8132004,ћфЌњЌњЉІ•”ЌњђЬ
8134002,ѓXѓ~ѓXЌњђЬ
8134017,ѓKѓЊѓAѓbѓ`ЌњђЬ
8134018,ѓoЃ[ѓgѓ“ЌњђЬ
8140002,ЋиЉЦђЯ’E‰PЌњђЬ
8140004,ЋиЌЄЌњЌњђЬ
8140005,ЋиЏMЏуЌњЌњђЬ
8140010,ЋиЉЦђЯ“аЌњђЬ
8150002,’†ЋиЌњЌњђЬ
8160005,ЋwЌњЌњђЬ
8160006,ЋwЌњ•s‘SЌњђЬ
8160035,‚c‚h‚oЉЦђЯ“аЌњђЬ
8160036,‚o‚h‚oЉЦђЯ“аЌњђЬ
8160037,‚l‚oЉЦђЯ“аЌњђЬ
8160038,‚c‚h‚oЉЦђЯ’E‰PЌњђЬ
8160039,‚o‚h‚oЉЦђЯ’E‰PЌњђЬ
8160040,‚l‚oЉЦђЯ’E‰PЌњђЬ
8180001,ЏгЋ€ЌњђЬ
8208009,‘е‘ЪЌњЊz•”ЌњђЬ
8837314,‘е‘ЪЌњ“]Ћq•”ЌњђЬ
8837943,“]Ћq‰єЌњђЬ
